DEVICE,CVE,Score
Firewall,CVE-2023-20269,9.1
Firewall,CVE-2023-20256,5.8
Firewall,CVE-2023-20247,4.3
Firewall,CVE-2023-20200,6.3
Firewall,CVE-2023-20095,8.6
Firewall,CVE-2023-20015,6.7
Firewall,CVE-2023-20934,7.8
Router,CVE-2018-0284,6.5
Router,CVE-2014-7999,7.7
Router,CVE-2014-7993,3.3
Router,CVE-2014-7994,5.4
Router,CVE-2014-7995,7.2
Ethernet,CVE-2016-6473,6.5
Ethernet,CVE-2017-6606,6.4
Ethernet,CVE-2017-3803,4.7
Ethernet,CVE-2016-1425,6.5
Virtualization Manager Server,CVE-2012-2697,4.9
Virtualization Manager Server,CVE-2012-3440,5.6
Virtualization Manager Server,CVE-2010-0727,4.9
Cybersecurity Capability & Tools Server,CVE-2015-7833,4.9
Cybersecurity Capability & Tools Server,CVE-2020-7337,6.7
Cybersecurity Capability & Tools Server,CVE-2009-5118,9.3
Cybersecurity Capability & Tools Server,CVE-2007-2152,7.9
Cybersecurity Capability & Tools Server,CVE-2023-0101,8.8
Cybersecurity Capability & Tools Server,CVE-2021-20135,6.7
Cybersecurity Capability & Tools Server,CVE-2020-5765,5.4
Cybersecurity Capability & Tools Server,CVE-2024-23675,6.5
Cybersecurity Capability & Tools Server,CVE-2024-23676,3.5
Cybersecurity Capability & Tools Server,CVE-2023-40593,7.5
Cybersecurity Capability & Tools Server,CVE-2023-40592,6.1
Audit Log Server,CVE-2015-7833,4.9
Virtualization Manager SAN,CVE-2013-1935,5.7
Virtualization Manager SAN,CVE-2013-2224,6.9
Virtualization Manager SAN,CVE-2013-2188,4.7
Cybersecurity Capability & Tools SAN,CVE-2015-7833,4.9
Cybersecurity Capability & Tools SAN Archive,CVE-2015-7833,4.9
Audit Log SAN Archive,CVE-2015-7833,4.9
Layer 2 Switches (Ethernet) 1,CVE-2016-6473,6.5
Layer 2 Switches (Ethernet) 1,CVE-2017-6606,6.4
Layer 2 Switches (Ethernet) 1,CVE-2017-3803,4.7
Layer 2 Switches (Ethernet) 1,CVE-2016-1425,6.5
Layer 2 Switches (Ethernet) 2,CVE-2016-6473,6.5
Layer 2 Switches (Ethernet) 2,CVE-2017-6606,6.4
Layer 2 Switches (Ethernet) 2,CVE-2017-3803,4.7
Layer 2 Switches (Ethernet) 2,CVE-2016-1425,6.5
Layer 2 Switches (Ethernet) 3,CVE-2016-6473,6.5
Layer 2 Switches (Ethernet) 3,CVE-2017-6606,6.4
Layer 2 Switches (Ethernet) 3,CVE-2017-3803,4.7
Layer 2 Switches (Ethernet) 3,CVE-2016-1425,6.5
Layer 2 Switches (Ethernet) 4,CVE-2016-6473,6.5
Layer 2 Switches (Ethernet) 4,CVE-2017-6606,6.4
Layer 2 Switches (Ethernet) 4,CVE-2017-3803,4.7
Layer 2 Switches (Ethernet) 4,CVE-2016-1425,6.5
Layer 2 Switches (Ethernet) 5,CVE-2016-6473,6.5
Layer 2 Switches (Ethernet) 5,CVE-2017-6606,6.4
Layer 2 Switches (Ethernet) 5,CVE-2017-3803,4.7
Layer 2 Switches (Ethernet) 5,CVE-2016-1425,6.5
Layer 2 Switches (Ethernet) 6,CVE-2016-6473,6.5
Layer 2 Switches (Ethernet) 6,CVE-2017-6606,6.4
Layer 2 Switches (Ethernet) 6,CVE-2017-3803,4.7
Layer 2 Switches (Ethernet) 6,CVE-2016-1425,6.5
"Server Rack, Server #1",CVE-2012-2697,4.9
"Server Rack, Server #1",CVE-2012-3440,5.6
"Server Rack, Server #1",CVE-2010-0727,4.9
"Server Rack, Server #2",CVE-2012-2697,4.9
"Server Rack, Server #2",CVE-2012-3440,5.6
"Server Rack, Server #2",CVE-2010-0727,4.9
"Server Rack, Server #3",CVE-2015-7833,4.9
"Server Rack, Server #4",CVE-2015-7833,4.9
"Server Rack, Server #5",CVE-2013-1935,5.7
"Server Rack, Server #5",CVE-2013-2224,6.9
"Server Rack, Server #5",CVE-2013-2188,4.7
"Server Rack, Server #6",CVE-2013-1935,5.7
"Server Rack, Server #6",CVE-2013-2224,6.9
"Server Rack, Server #6",CVE-2013-2188,4.7
"Server Rack, Server #7",CVE-2015-7833,4.9
"Server Rack, Server #8",CVE-2015-7833,4.9
"Server Rack, Server #9",CVE-2015-7833,4.9
"Server Rack, Server #10",CVE-2015-7833,4.9
"Server Rack, Server #11",CVE-2017-8543,9.8
"Server Rack, Server #11",CVE-2014-0301,9.3
"Server Rack, Server #11",CVE-2014-0323,6.6
"Server Rack, Server #11",CVE-2014-0315,6.9
"Server Rack, Server #11",CVE-2013-5058,6.9
"Server Rack, Server #11",CVE-2013-5056,9.3
"Server Rack, Server #12",CVE-2017-8543,9.8
"Server Rack, Server #12",CVE-2014-0301,9.3
"Server Rack, Server #12",CVE-2014-0323,6.6
"Server Rack, Server #12",CVE-2014-0315,6.9
"Server Rack, Server #12",CVE-2013-5058,6.9
"Server Rack, Server #12",CVE-2013-5056,9.3
Engineering & Production SAN 1,CVE-2012-2697,4.9
Engineering & Production SAN 1,CVE-2012-3440,5.6
Engineering & Production SAN 1,CVE-2010-0727,4.9
Engineering & Production SAN 2,CVE-2015-7833,4.9
Engineering & Production SAN 3,CVE-2015-7833,4.9
Test SAN,CVE-2015-7833,4.9
Company Management SAN,CVE-2012-2697,4.9
Company Management SAN,CVE-2012-3440,5.6
Company Management SAN,CVE-2010-0727,4.9
Engineering & Production SAN Archive 1,CVE-2015-7833,4.9
Engineering & Production SAN Archive 2,CVE-2015-7833,4.9
Test SAN Archive,CVE-2015-7833,4.9
Company Management SAN Archive,CVE-2015-7833,4.9
Engineering Workstation 1,CVE-2013-1935,5.7
Engineering Workstation 1,CVE-2013-2224,6.9
Engineering Workstation 1,CVE-2013-2188,4.7
Engineering Workstation 1,CVE-2023-47804,8.8
Engineering Workstation 1,CVE-2022-37401,8.8
Engineering Workstation 1,CVE-2021-33035,7.8
Engineering Workstation 1,CVE-2020-13958,7.8
Engineering Workstation 1,CVE-2017-12607,7.8
Engineering Workstation 2,CVE-2013-1935,5.7
Engineering Workstation 2,CVE-2013-2224,6.9
Engineering Workstation 2,CVE-2013-2188,4.7
Engineering Workstation 2,CVE-2023-47804,8.8
Engineering Workstation 2,CVE-2022-37401,8.8
Engineering Workstation 2,CVE-2021-33035,7.8
Engineering Workstation 2,CVE-2020-13958,7.8
Engineering Workstation 2,CVE-2017-12607,7.8
Engineering Workstation 3,CVE-2013-1935,5.7
Engineering Workstation 3,CVE-2013-2224,6.9
Engineering Workstation 3,CVE-2013-2188,4.7
Engineering Workstation 3,CVE-2023-47804,8.8
Engineering Workstation 3,CVE-2022-37401,8.8
Engineering Workstation 3,CVE-2021-33035,7.8
Engineering Workstation 3,CVE-2020-13958,7.8
Engineering Workstation 3,CVE-2017-12607,7.8
Production Workstation 1,CVE-2013-1935,5.7
Production Workstation 1,CVE-2013-2224,6.9
Production Workstation 1,CVE-2013-2188,4.7
Production Workstation 1,CVE-2023-47804,8.8
Production Workstation 1,CVE-2022-37401,8.8
Production Workstation 1,CVE-2021-33035,7.8
Production Workstation 1,CVE-2020-13958,7.8
Production Workstation 1,CVE-2017-12607,7.8
Production Workstation 2,CVE-2013-1935,5.7
Production Workstation 2,CVE-2013-2224,6.9
Production Workstation 2,CVE-2013-2188,4.7
Production Workstation 2,CVE-2023-47804,8.8
Production Workstation 2,CVE-2022-37401,8.8
Production Workstation 2,CVE-2021-33035,7.8
Production Workstation 2,CVE-2020-13958,7.8
Production Workstation 2,CVE-2017-12607,7.8
Company Management Workstation 1,CVE-2013-2224,6.9
Company Management Workstation 1,CVE-2013-2188,4.7
Company Management Workstation 1,CVE-2023-47804,8.8
Company Management Workstation 1,CVE-2022-37401,8.8
Company Management Workstation 1,CVE-2021-33035,7.8
Company Management Workstation 1,CVE-2020-13958,7.8
Company Management Workstation 2,CVE-2013-2224,6.9
Company Management Workstation 2,CVE-2013-2188,4.7
Company Management Workstation 2,CVE-2023-47804,8.8
Company Management Workstation 2,CVE-2022-37401,8.8
Company Management Workstation 2,CVE-2021-33035,7.8
Company Management Workstation 2,CVE-2020-13958,7.8
Test Engineering Laptop 1,CVE-2012-2697,4.9
Test Engineering Laptop 1,CVE-2012-3440,5.6
Test Engineering Laptop 1,CVE-2010-0727,4.9
Test Engineering Laptop 1,CVE-2023-47804,8.8
Test Engineering Laptop 1,CVE-2022-37401,8.8
Test Engineering Laptop 1,CVE-2021-33035,7.8
Test Engineering Laptop 1,CVE-2020-13958,7.8
Test Engineering Laptop 1,CVE-2017-12607,7.8
Test Engineering Laptop 2,CVE-2012-2697,4.9
Test Engineering Laptop 2,CVE-2012-3440,5.6
Test Engineering Laptop 2,CVE-2010-0727,4.9
Test Engineering Laptop 2,CVE-2023-47804,8.8
Test Engineering Laptop 2,CVE-2022-37401,8.8
Test Engineering Laptop 2,CVE-2021-33035,7.8
Test Engineering Laptop 2,CVE-2020-13958,7.8
Test Engineering Laptop 2,CVE-2017-12607,7.8